Nom,Référence,Famille,Date semis,Prix unitaire (hors remise),Lien,Hyperlien
Aneth,A0010S,Aromatiques et médicinales,mai - juin,3,,
Anis,A0011S,Aromatiques et médicinales,avril-juin,3,,
Basilic Citronnelle,A0020S,Aromatiques et médicinales,mars - juillet,3,,
Basilic fin vert,A0021S,Aromatiques et médicinales,mars - juillet,3,,
Basilic Grand vert,A0022S,Aromatiques et médicinales,mars - juillet,3,,
Basilic Pourpre,A0023S,Aromatiques et médicinales,mars - juillet,3,,
Basilic Thaï,A0024S,Aromatiques et médicinales,mars - juillet,3,,
Basilic cannelle,A0025S,Aromatiques et médicinales,mars - juillet,3,,
Basilic thym,A0027S,Aromatiques et médicinales,mars - juillet,3,,
Basilic à feuilles de laitue,A0028S,Aromatiques et médicinales,mars - juillet,3,,
Basilic Grec,A0029S,Aromatiques et médicinales,mars - juillet,3,,
Bourrache,A0030S,Aromatiques et médicinales,mars - juin,3,,
Camomille matricaire,A0040S,Aromatiques et médicinales,mars - avril,3,,
Chrysanthème comestible Shungiku,A0045S,Aromatiques et médicinales,mars - avril et août - septembre,3,,
Coriandre,A0050S,Aromatiques et médicinales,avril-août,3,,
Cresson alénois,A0060S,Aromatiques et médicinales,mars - septembre,3,,
Cresson Alénois Frisé,A0061S,Aromatiques et médicinales,mars - septembre,3,,
Fenugrec,A0065S,Aromatiques et médicinales,mars - juillet,3,,
Marjolaine annuelle,A0070S,Aromatiques et médicinales,mars - juin,3,,
Nigelle aromatique ou Cumin noir,A0080S,Aromatiques et médicinales,avril-juin,3,,
Persil commun,A0090S,Aromatiques et médicinales,mars - juin,3,,
Persil Frisé nain mousse 2,A0091S,Aromatiques et médicinales,mars - juin,3,,
Persil Géant d'Italie,A0092S,Aromatiques et médicinales,mars - juin,3,,
Persil Racine,A0093S,Aromatiques et médicinales,mars - juin,3,,
Per-cel ou Céleri persil,A0095S,Aromatiques et médicinales,mars - juin,3,,
Roquette Cultivée,A0110S,Aromatiques et médicinales,mars - septembre,3,,
Roquette Wasabi,A0111S,Aromatiques et médicinales,mars - août,3,,
Roquette Dragon's Tong,A0112S,Aromatiques et médicinales,,3,,
Sarriette annuelle,A0120S,Aromatiques et médicinales,avril-juin,3,,
Soucis des jardins,A0130S,Aromatiques et médicinales,mars - juin,3,,
Perilla Pourpre,A0135S,Aromatiques et médicinales,mars - juin,3,,
Ail chinois,A1005S,Aromatiques et médicinales,avril-juillet,3,,
Angélique,A1007S,Aromatiques et médicinales,août-septembre ou février-mars,3,,
Ail des ours,A1008S,Aromatiques et médicinales,août-septembre ou février-mars,3,,
Carvi,A1010S,Aromatiques et médicinales,avril-juin,3,,
Ciboule,A1020S,Aromatiques et médicinales,avril-juillet,3,,
Ciboulette Commune,A1021S,Aromatiques et médicinales,avril-juillet,3,,
Cerfeuil Vivace,A1025S,Aromatiques et médicinales,août-septembre ou février-mars,3,,
Fenouil commun,A1030S,Aromatiques et médicinales,mars - juin,3,,
Fenouil Bronze,A1031S,Aromatiques et médicinales,mars - juin,3,,
Fenouil sauvage,A1032S,Aromatiques et médicinales,mars - juin,3,,
Grande Camomille,A1035S,Aromatiques et médicinales,mars - juin,3,,
Hysope,A1040S,Aromatiques et médicinales,mai-juillet,3,,
Lavande officinale,A1051S,Aromatiques et médicinales,mai-juillet,3,,
Livèche,A1060S,Aromatiques et médicinales,avril-août,3,,
Mélisse,A1070S,Aromatiques et médicinales,mai-juillet,3,,
Menthe verte "type marocaine",A1071S,Aromatiques et médicinales,mai-juillet,3,,
Menthe poivrée,A1072S,Aromatiques et médicinales,,3,,
Origan Commun,A1080S,Aromatiques et médicinales,mai-juillet,3,,
Oseille Commune,A1090S,Aromatiques et médicinales,avril-juillet,3,,
Oseille sanguine,A1091S,Aromatiques et médicinales,avril-juillet,3,,
Pimprenelle,A1100S,Aromatiques et médicinales,mai-juillet,3,,
Raifort Cochléaire officinale,A1105S,Aromatiques et médicinales,mai - août,3,,
Romarin,A1108S,Aromatiques et médicinales,avril-mai,3,,
Roquette Sauvage,A1110S,Aromatiques et médicinales,mars - août,3,,
Sarriette des Montagnes,A1115S,Aromatiques et médicinales,mai-juillet,3,,
Sauge Officinale,A1120S,Aromatiques et médicinales,mai-juillet,3,,
Sauge des prés,A1121S,Aromatiques et médicinales,avril-juillet,3,,
Thym ordinaire,A1130S,Aromatiques et médicinales,mai-juillet,3,,
Verveine Officinale,A1160S,Aromatiques et médicinales,avril-juillet,3,,
Epinard (Engrais vert),E0010S,Engrais verts,mars - août,4.5,,
Luzerne,E0020S,Engrais verts,avril-août,4.5,,
Moutarde blanche,E0030S,Engrais verts,mars - septembre,4.5,,
Phacélie,E0040S,Engrais verts,avril-septembre,4.5,,
Radis fourrager,E0045S,Engrais verts,mai - septembre,4.5,,
Seigle,E0050S,Engrais verts,août - octobre,4.5,,
Vesce d'hiver,E0060S,Engrais verts,juillet - octobre,4.5,,
Vesce d'été,E0065S,Engrais verts,mai - septembre,4.5,,
Féverole d'hiver,E0070S,Engrais verts,mars - avril et septembre-octobre,4.5,,
Sarrasin,E0080S,Engrais verts,avril-août,4.5,,
Lupin bleu,E0090S,Engrais verts,avril-juillet,4.5,,
Trèfle Blanc,E0105S,Engrais verts,avril-août,4.5,,
Trèfle incarnat,E0106S,Engrais verts,avril-août,4.5,,
Lin Bleu (engrais vert),E0120S,Engrais verts,avril-juin,4.5,,
Sainfoin (engrais vert),E0130S,Engrais verts,juillet - septembre,4.5,,
Fénugrec (engrais vert),E0135S,Engrais verts,,,,
Lotier corniculé (engrais vert),E0136S,Engrais verts,août - septembre,4.5,,
Sorgho du Soudan,E0138S,Engrais verts,avril-août,4.5,,
Mélange Croissance rapide (engrais vert),E0150S,Engrais verts,mars - octobre,4.5,,
Mélange Spécial sol lourd (engrais vert),E0151S,Engrais verts,avril-septembre,4.5,,
Mélange Spécial Hiver (engrais vert),E0152S,Engrais verts,août - septembre,4.5,,
Mélange mellifère et engrais vert,E0200S,Engrais verts,avril-août,4.5,,
Mélange Prairie fleurie,E0220S,Fleurs,mars - avril et septembre-octobre,3,,
Mélange fleurs sauvages sec et ensoleillé,E0230S,Fleurs,,,,
Amaranthe Queue de renard rouge,F0010S,Fleurs,mars - juin,3,,
Amaranthe Golden,F0011S,Potagères,mars - juin,3,,
Amaranthe Queue de renard blanche,F0012S,Fleurs,mars - juin,3,,
Balsamine,F0030S,Fleurs,,3,,
Bleuet bleu,F0040S,Fleurs,avril-mai ou  août-septembre,3,,
Bleuet en mélange,F0041S,Fleurs,avril-mai ou  août-septembre,3,,
Capucine  rampante,F0050S,Fleurs,avril-juillet,3,,
Capucine naine en mélange,F0051S,Fleurs,avril-juillet,3,,
Capucine Naine Panachée,F0052S,Fleurs,avril-juillet,3,,
Carthame,F0055S,Fleurs,mai - juin,3,,
Chardon Marie,F0056S,Fleurs,mars - mai,3,,
Cléome rose,F0060S,Fleurs,mars - mai,3,,
Chrysanthème à carènes,F0062S,Fleurs,,3,,
Chrysanthème des moissons,F0065S,Fleurs,mars - juin,3,,
Coquelicot des jardins,F0067S,Fleurs,mars - avril et septembre-octobre,3,,
Coquelicot des champs,F0068S,Fleurs,mars - avril et septembre-octobre,3,,
Coréopsis Sea Shells mix,F0071S,Fleurs,mars - mai,3,,
Cosmos Sensation en mélange,F0080S,Fleurs,mars - mai,3,,
Cosmos Sensation Picotée,F0082S,Fleurs,mars - mai,3,,
Cosmos Late sensation Yellow,F0083S,Fleurs,mars - mai,3,,
Cosmos Red Junny,F0084S,Fleurs,mars - mai,3,,
Cosmos Orange,F0085S,Fleurs,mars - mai,3,,
Dolichos Lablab,F0087S,Fleurs,avril-juin,3,,
Dracocéphale de Moldavie,F0090S,Fleurs,mars - juin,3,,
Haricot d'Espagne,F0115S,Fleurs,avril-mai,3,,
Immortelle à bractées,F0130S,Fleurs,mars - juin,3,,
Ipomée en mélange,F0140S,Fleurs,mars - juin,3,,
Lavatère grandes fleurs,F0150S,Fleurs,mars - juin,3,,
Limnanthes,F0155S,Fleurs,mars - avril et août - septembre,3,,
Lin annuel bleu,F0160S,Fleurs,avril-mai,3,,
Malope,F0190S,Fleurs,,3,,
Mirabilis,F0200S,Fleurs,avril-juin,3,,
Muflier,F0210S,Fleurs,mars - avril,3,,
Nicandra,F0215S,Fleurs,mars - mai,3,,
Nielle des blés,F0220S,Fleurs,avril-mai ou  août-septembre,3,,
Nigelle de Damas,F0230S,Fleurs,mars - mai,3,,
Pavot rose simple,F0240S,Fleurs,mars - mai,3,,
Pavot rose double,F0241S,Fleurs,mars - mai,3,,
Pavot violet simple,F0242S,Fleurs,mars - mai,3,,
Pavot Planète rouge du Jura,F0243S,Fleurs,mars - mai,3,,
Pavot Rouge,F0244S,Fleurs,mars - mai,3,,
Pavot Black Peony,F0245S,Fleurs,mars - mai,3,,
Pavot de Californie,F0250S,Fleurs,mars - mai,3,,
Pied d'alouette bleu,F0260S,Fleurs,mars - mai ou septembre,3,,
Pois de senteur en mélange,F0270S,Fleurs,mars - mai,3,,
Pois de senteur violet,F0271S,Fleurs,,3,,
Reine marguerite en mélange,F0280S,Fleurs,mars - mai,3,,
Réseda odorant,F0290S,Fleurs,mars - mai,3,,
Rudbeckia annuel,F0300S,Fleurs,mars - mai,3,,
Salpiglossis en mélange,F0305S,Fleurs,mars - juin,3,,
Sauge Hormine,F0310S,Fleurs,mars - mai,3,,
Silène à bouquets,F0315S,Fleurs,mars - juin,3,,
Scabieuse pourpre,F0320S,Fleurs,avril-mai,3,,
Sorgho à balais,F0322S,Fleurs,mai - juin,3,,
Souci des champs,F0325S,Fleurs,avril-juin,3,,
Soucis Touch of Red Buff,F0326S,Fleurs,mars - juin,3,,
Tabac ornemental,F0330S,Fleurs,mars - avril,3,,
Tabac commun,F0331S,Fleurs,mars - avril,3,,
Tabac ornemental blanc,F0332S,Fleurs,mars - avril,3,,
Tabac Purple Parfume,F0333S,Fleurs,mars - avril,3,,
Tagète  Citron,F0340S,Fleurs,mars - avril,3,,
Tagète Némagon,F0341S,Fleurs,mars - avril,3,,
Oeillet d'Inde nain,F0342S,Fleurs,mars - avril,3,,
Tagète Minuta,F0343S,Fleurs,mars - avril,3,,
Tagète Lucida - Estragon mexicain,F0344S,Fleurs,mars - avril,3,,
Tithonia,F0350S,Fleurs,mars - mai,3,,
Tournesol nain jaune,F0360S,Fleurs,avril-mai,3,,
Tournesol mélange décoratif,F0361S,Fleurs,avril-mai,3,,
Tournesol à petites fleurs jaunes,F0362S,Fleurs,avril-mai,3,,
Tournesol Multiflore,F0363S,Fleurs,avril-mai,3,,
Tournesol Couleur d'automne,F0364S,Fleurs,avril-mai,3,,
Tournesol grand jaune,F0367S,Fleurs,avril-mai,3,,
Tournesol Ring of fire,F0368S,Fleurs,avril-mai,3,,
Tournesol moyen Rouge,F0369S,Fleurs,avril-mai,3,,
Violine,F0380S,Fleurs,mars - juin,3,,
Vipérine annuelle,F0385S,Fleurs,avril-mai,3,,
Zinnia à grandes fleurs,F0390S,Fleurs,mars - avril,3,,
Zinnia Tapis Persan,F0391S,Fleurs,mars - avril,3,,
Absinthe,F1010S,Aromatiques et médicinales,mars - avril,3,,
Achillée millefeuille,F1020S,Aromatiques et médicinales,avril-juillet,3,,
Achillée jaune,F1025S,Fleurs,,3,,
Agastache,F1030S,Aromatiques et médicinales,mars - mai,3,,
Ancolie des jardins,F1050S,Fleurs,mai-juillet,3,,
Grande Ancolie,F1051S,Fleurs,mai-juillet,3,,
Asphodèle - Baton de Jacob,F1058S,Fleurs,mars - avril,3,,
Bouillon blanc,F1070S,Aromatiques et médicinales,mai-juillet,3,,
Cardère,F1077S,Fleurs,mars - mai ou septembre,3,,
Coquelourde rouge,F1090S,Fleurs,avril-mai ou  août-septembre,3,,
Dahlia Bishop's Children,F1093S,Fleurs,mars - juin,3,,
Digitale pourpre,F1095S,Aromatiques et médicinales,avril-mai ou  août-septembre,3,,
Echinacea purpurea,F1100S,Aromatiques et médicinales,avril-juillet,3,,
Echinops,F1105S,Fleurs,avril-juin,3,,
Gaillarde vivace,F1110S,Fleurs,avril-mai,3,,
Garance des teinturiers,F1115S,Fleurs,,3,,
Gazon d'Espagne,F1125S,Fleurs,avril-mai et août,3,,
Giroflée ravenelle,F1130S,Fleurs,juin - septembre,3,,
Grémil des teinturiers,F1137S,Fleurs,,3,,
Guimauve,F1140S,Aromatiques et médicinales,avril-juillet,3,,
Julienne des dames  rose,F1160S,Fleurs,avril-juin ou septembre,3,,
Lunaire ou Monnaie du Pape,F1180S,Fleurs,avril-mai ou  août-septembre,3,,
Lupin en mélange,F1190S,Fleurs,août - septembre,3,,
Marguerite des prés,F1202S,Fleurs,,3,,
Mauve Mauritania,F1205S,Fleurs,avril-mai ou  août-septembre,3,,
Millepertuis,F1210S,Aromatiques et médicinales,mai - juin,3,,
Myosotis,F1215S,Fleurs,juin - septembre,3,,
Oeillet mignardise,F1220S,Fleurs,mars - juin,3,,
Oeillet Rainbow Loveliness,F1225S,Fleurs,mars - avril,3,,
Oeillet des Chartreux,F1226S,Fleurs,mars - juin,3,,
Oeillet de poète,F1230S,Fleurs,juin - septembre,3,,
Onagre,F1240S,Fleurs,août - septembre,3,,
Pastel des teinturiers,F1241S,Fleurs,juin - août,3,,
Pavot d'Islande,F1242S,Fleurs,mai-juin ou septembre,3,,
Pavot Cornu - Glaucière jaune,F1243S,Fleurs,avril-mai ou  août-septembre,3,,
Pensée sauvage,F1245S,Aromatiques et médicinales,juin - septembre,3,,
Phlomis jaune,F1246S,Fleurs,juin - septembre,3,,
Pois vivace,F1250S,Fleurs,juillet - octobre,3,,
Polemonium bleu,F1256S,Fleurs,juin - septembre,3,,
Réséda des teinturiers,F1259S,Fleurs,juin - septembre,3,,
Rose trémière en mélange,F1265S,Fleurs,juin - septembre,3,,
Rue commune,F1270S,Aromatiques et médicinales,avril-juin,3,,
Rue Bigarrée,F1271S,Aromatiques et médicinales,avril-juin,3,,
Salicaire,F1280S,Fleurs,mai - juin,3,,
Sauge sclarée,F1300S,Aromatiques et médicinales,mai - septembre,3,,
Silène dioïque,F1315S,Fleurs,juin - septembre,3,,
Tanaisie,F1320S,Fleurs,juin - août,3,,
Tanaisie Crispée,F1321S,Fleurs,juin - août,3,,
Valériane officinale,F1330S,Aromatiques et médicinales,mai - juin,3,,
Verveine Bonariensis,F1340S,Fleurs,juin - septembre,3,,
Verveine rugueuse,F1341S,Fleurs,juin - septembre,3,,
Amaranthe rouge,L0100S,Potagères,mars - juin,3,,
Amaranthe  Tricolore,L0101S,Potagères,,3,,
Amaranthe Tête d'éléphant,L0102S,Potagères,mars - juin,3,,
Arroche rouge,L0200S,Potagères,mars - août,3,,
Arroche verte,L0201S,Potagères,mars - août,3,,
Artichaut  Imperial Star,L0300S,Potagères,février - mars,3,,
Aubergine blanche Longue de Dourga,L0400S,Potagères,février - mars,3,,
Aubergine blanche ronde à œufs,L0401S,Potagères,février - mars,3,,
Aubergine longue violette de Barbentane,L0402S,Potagères,février - mars,3,,
Aubergine Ronde de Valence,L0404S,Potagères,février - mars,3,,
Aubergine Impérial Black Beauty,L0405S,Potagères,février - mars,3,,
Aubergine Puso Purple Cluster,L0408S,Potagères,février - mars,3,,
Aubergine Bambino,L0409S,Potagères,février - mars,3,,
Aubergine Zebrina,L0410S,Potagères,,3,,
Aubergine Rosso di Napoli,L0411S,Potagères,février - mars,3,,
Aubergine Rotonda bianca sfumata di rosa,L0412S,Potagères,février - mars,3,,
Aubergine Skoutari,L0413S,Potagères,février - mars,3,,
Aubergine Japanese Pickling,L0414S,Potagères,février - mars,3,,
Aubergine Listada de Gandia,L0415S,Potagères,février - mars,3,,
Bardane japonaise Tokinogawa Long,L0500S,Potagères,avril-juin,3,,
Betterave rouge Crapaudine,L0600S,Potagères,avril-juillet,3,,
Betterave rouge Globe,L0601S,Potagères,avril-juillet,3,,
Betterave Noire Plate d'Egypte,L0602S,Potagères,avril-juillet,3,,
Betterave rouge de Chiogga,L0603S,Potagères,avril-juillet,3,,
Betterave rouge Cylindra,L0604S,Potagères,avril-juillet,3,,
Betterave rouge Formanova,L0605S,Potagères,avril-juillet,3,,
Betterave rouge Golden,L0606S,Potagères,avril-juillet,3,,
Betterave fourragère Guldaeno,L0607S,Potagères,,3,,
Mélanges de betteraves,L0610S,Potagères,avril-juillet,3,,
Cardon De Bolster,L0700S,Potagères,mars - mai,3,,
Cardon argenté de Plainpalais,L0701S,Potagères,mars - mai,3,,
Carotte blanche de Küttigen,L0800S,Potagères,mai - juin,3,,
Carotte de Carentan,L0801S,Potagères,février - juillet,3,,
Carotte de Colmar à coeur rouge 2,L0802S,Potagères,mai - juin,3,,
Carotte Nantaise 2,L0803S,Potagères,mai - juin,3,,
Carotte Rodelika,L0804S,Potagères,mai - juin,3,,
Carotte violette rouge sang,L0805S,Potagères,mai - juin,3,,
Carotte Jaune obtuse du Doubs,L0806S,Potagères,mai - juin,3,,
Carotte Touchon,L0807S,Potagères,février - juillet,3,,
Carotte Flakkeese 2,L0809S,Potagères,mai - juin,3,,
Carotte rouge courte hâtive Bellot,L0810S,Potagères,,3,,
Carotte Hâtive d'Amsterdam,L0811S,Potagères,février - juillet,3,,
Carotte Marché de Paris,L0812S,Potagères,février - juillet,3,,
Carotte Hâtive - Oxhella,L0813S,Potagères,février - juillet,3,,
Carotte violette Gniff,L0814S,Potagères,mai - juin,3,,
Carotte Blanche des Vosges,L0815S,Potagères,mai - juin,3,,
Carotte de Chantenay à coeur rouge 2,L0816S,Potagères,mai - juin,3,,
Carotte hâtive Milan,L0818S,Potagères,février - juillet,3,,
Carotte Dolciva,L0819S,Potagères,mai - juin,3,,
Carotte Géante de Tilques,L0820S,Potagères,mai - juin,3,,
Carottes en mélange,L0830S,Potagères,mai - juin,3,,
Carotte longue jaune de Belgique,L0831S,Potagères,mai - juin,3,,
Céleri à côtes Blanc Pascal,L0900S,Potagères,février - avril,3,,
Céleri à couper Pipe creuse de Malines,L0902S,Potagères,avril-juin,3,,
Céleri rave Monarch,L0904S,Potagères,février - avril,3,,
Céleri à couper  à jets fins de Huy,L0905S,Potagères,avril-juin,3,,
Céleri à côtes Vert d'Elne,L0906S,Potagères,février - avril,3,,
Céleri Rave Ortho,L0907S,Potagères,,3,,
Céleri à côtes Violette,L0908S,Potagères,février - avril,3,,
Céleri Géant Doré,L0909S,Potagères,février - avril,3,,
Céleri Rave Alba,L0910S,Potagères,février - avril,3,,
Céleri  à côtes Tall Utah,L0911S,Potagères,février - avril,3,,
Céleri rave Goliath,L0912S,Potagères,,3,,
Céleri-rave "Merveille de Zwijndrecht",L0913S,Potagères,avril,3,,
Céleri à couper commun,L0914S,Potagères,avril-juillet,3,,
Cerfeuil commun,L1000S,Potagères,mars - avril et août - septembre,3,,
Cerfeuil d'Hiver de Bruxelles,L1001S,Potagères,mars - avril et août - septembre,3,,
Cerfeuil tubéreux,L1010S,Potagères,février - mars ou août - septembre,3,,
Chataigne de Terre,L1030S,Potagères,avril-juin,3,,
Chénopode multicolore,L1050S,Potagères,mars - août,3,,
Chénopode Bon-Henri,L1055S,Potagères,juillet - septembre,3,,
Chervis,L1060S,Potagères,mars - avril,3,,
Chicorée frisée Wallonne,L1100S,Potagères,juin - juillet,3,,
Chicorée frisée Grosse Pancalière,L1101S,Potagères,juin - juillet,3,,
Chicorée scarole géante maraîchère,L1103S,Potagères,juin - août,3,,
Chicorée Scarole Ronde verte à coeur plein,L1104S,Potagères,juin - août,3,,
Chicorée de Bruxelles demi-hâtive de Hollande,L1106S,Potagères,mai - juin,3,,
Chicorée Radicchio Rouge de Vérone,L1107S,Potagères,mai - juin,3,,
Chicorée Pain de sucre,L1108S,Potagères,mai - juin,3,,
Chicorée frisée Grosse pommant seule,L1109S,Potagères,juin - juillet,3,,
Chicorée Scarole en Cornet d'Anjou,L1110S,Potagères,juin - août,3,,
Chicorée Frisée de Ruffec,L1112S,Potagères,juin - juillet,3,,
Chicorée Frisée Fine de Louviers,L1113S,Potagères,juin - juillet,3,,
Chicorée Barbe de Capucin,L1114S,Potagères,mai - juin,3,,
Chicorée Radicchio Rouge de Trévise,L1115S,Potagères,mai - juin,3,,
Chicorée de Bruxelles Witloof de Bruxelles,L1116S,Potagères,,3,,
Chicorée de Bruxelles demi-hâtive de Malines,L1117S,Potagères,mai - juin,3,,
Chicorée sauvage Grumolo,L1118S,Potagères,mai - juin,3,,
Chicorée sauvage Catalogna "Aurelia",L1119S,Potagères,mai - juin,3,,
Chicorée Radicchio Chiogga Palla Rossa,L1120S,Potagères,mai - juin,3,,
Chicorée Radicchio Piave Medio,L1121S,Potagères,mai - juin,3,,
Chicorée de Bruxelles Macun,L1122S,Potagères,mai - juin,3,,
Chicorée Pain de sucre "Nettuno",L1123S,Potagères,mai - juin,3,,
Chicorée Tête d'Anguille,L1124S,Potagères,mai - juin,3,,
Chicorée di Bruxelles,L1125S,Potagères,mars - avril,3,,
Chicorée frisée de Namur,L1126S,Potagères,juin - juillet,3,,
Chou brocoli à Jets Vert Calabrais,L1200S,Potagères,mars - juin,3,,
Chou cabu Précoce de Louviers,L1201S,Potagères,février - juillet,3,,
Chou cabus Quintal d'Alsace,L1202S,Potagères,février - juillet,3,,
Chou cabus rouge de langedijk,L1203S,Potagères,mars - avril,3,,
Chou Chinois Granaat,L1204S,Potagères,juin - août,3,,
Chou de Bruxelles Groninger,L1205S,Potagères,mars - avril,3,,
Chou de Bruxelles De Rosny,L1206S,Potagères,mars - avril,3,,
Chou de Milan de Pontoise,L1207S,Potagères,mars - avril,3,,
Chou frisé Westlandse winter,L1208S,Potagères,mai - juin,3,,
Chou-rave Delikatess blanc,L1209S,Potagères,février - juillet,3,,
Chou-rave Délikatess bleu,L1210S,Potagères,février - juillet,3,,
Chou cabus de Brunswick,L1211S,Potagères,février - juillet,3,,
chou-fleur Violet de Sicile,L1212S,Potagères,février - avril,3,,
Chou cabus de Vaugirard,L1213S,Potagères,février - juillet,3,,
Chou-navet Jaune,L1215S,Potagères,avril-juillet,3,,
Chou-fleur Flora Blanca,L1216S,Potagères,février - avril,3,,
Chou cabus rouge Rodynda,L1218S,Potagères,mars - avril,3,,
Chou de Milan Westlandse putjes,L1219S,Potagères,mars - avril,3,,
Chou Fourrager Cavalier Rouge,L1220S,Potagères,avril-juin,3,,
Chou cabus pointu blanc Filderkraut,L1222S,Potagères,février - juillet,3,,
Chou Brocoli à jets violets,L1224S,Potagères,juin - juillet,3,,
Chou Cabus Coeur de Bœuf des Vertus,L1225S,Potagères,août - septembre,3,,
Chou-Fleur Verde di Macerata,L1226S,Potagères,février - avril,3,,
Chou-Fleur Romanesco,L1227S,Potagères,mai - juin,3,,
Chou brocoli violet du Cap,L1228S,Potagères,juillet - août,3,,
Chou frisé Beurré de Jalhay,L1229S,Potagères,mai - juin,3,,
Chou frisé Grand vert du Nord,L1230S,Potagères,mai - juin,3,,
Chou-rave Superschmelz,L1231S,Potagères,février - juillet,3,,
Chou cabus blanc Holsteiner platter,L1232S,Potagères,février - juillet,3,,
Chou Palmier Noir de Toscane,L1233S,Potagères,mai - juin,3,,
Chou-fleur Neckarperle,L1234S,Potagères,février - avril,3,,
Chou de Milan Plainpalais,L1235S,Potagères,mars - avril,3,,
Chou-fleur tardif d'Angers,L1236S,Potagères,février - avril,3,,
Chou frisé Red Ursa,L1237S,Potagères,mai - août,3,,
Chou-rave Dyna,L1238S,Potagères,février - juillet,3,,
Chou de Bruxelles Rubine,L1239S,Potagères,mars - avril,3,,
Chou cabus pointu blanc de Châteaurenard,L1241S,Potagères,février - juillet,3,,
Chou de Milan Vorbote,L1243S,Potagères,février - avril,3,,
Chou-navet Wilhelmsburger jaune à collet vert,L1245S,Potagères,avril-juillet,3,,
Chou-rave Azur Star,L1246S,Potagères,février - juillet,3,,
Chou chinois Sativa (type Astuko),L1247S,Potagères,juin - août,3,,
Chou cabus blanc Choupin,L1248S,Potagères,août - septembre,3,,
Chou cabus rouge Amarant,L1249S,Potagères,mars - avril,3,,
Concombre grimpant Cyclanthère,L1250S,Potagères,mars - mai,3,,
Chou frisé rouge,L1251S,Potagères,mai - juin,3,,
Chou-rave Blaril,L1252S,Potagères,février - juillet,3,,
Chou-fleur Martinet,L1253S,Potagères,novembre-décembre,3,,
Chou de Milan "Bloemendaalse Gele",L1254S,Potagères,mars - avril,3,,
Chou-fleur Amabile,L1255S,Potagères,mars - avril,3,,
Claytone de Cuba ou Pourpier d'hiver,L1300S,Potagères,août - septembre,3,,
Concombre Blanc hâtif,L1400S,Potagères,mars - mai,3,,
Concombre Lemon,L1401S,Potagères,mars - mai,3,,
Concombre Rollison's Telegraph,L1402S,Potagères,mars - mai,3,,
Concombre du Kénia Kiwano,L1404S,Potagères,mars - mai,3,,
Concombre Le Généreux,L1406S,Potagères,mars - mai,3,,
Concombre Vert Long de Chine,L1407S,Potagères,mars - mai,3,,
Concombre Vert Long Maraîcher,L1408S,Potagères,mars - mai,3,,
Concombre d'Arménie,L1409S,Potagères,mars - mai,3,,
Concombre Tanja,L1410S,Potagères,mars - mai,3,,
Concombre  Marketmore,L1411S,Potagères,mars - mai,3,,
Concombre Gele Tros,L1412S,Potagères,mars - mai,3,,
Concombre Kaiser Alexander,L1413S,Potagères,mars - mai,3,,
Concombre Soo Yoh Long,L1414S,Potagères,mars - mai,3,,
Concombre Melon Tortarello Barese,L1415S,Potagères,mars - mai,3,,
Concombre à confire  Mélothérie,L1420S,Potagères,mars - mai,3,,
Concombre des Antilles,L1450S,Potagères,mars - mai,3,,
Cornichon Amélioré de Bourbonne,L1500S,Potagères,mars - mai,3,,
Cornichon Petit vert de Paris,L1501S,Potagères,mars - mai,3,,
Cornichon Vert fin de Meaux,L1502S,Potagères,mars - mai,3,,
Côtes de bette verte à cardes blanches,L1601S,Potagères,mars - juillet,3,,
Côte de bette Verte à couper,L1602S,Potagères,mars - juillet,3,,
Côte de bette à cardes rouges,L1604S,Potagères,mars - juillet,3,,
Côtes de bettes à cardes multicolores,L1605S,Potagères,mars - juillet,3,,
Côtes de bettes à cardes jaunes Bright Yellow,L1606S,Potagères,mars - juillet,3,,
Côtes de bette Lucullus,L1607S,Potagères,mars - juillet,3,,
Côtes de bettes Orange "Coucher de Soleil",L1609S,Potagères,mars - août,3,,
Courge Jack Be Little,L1700S,Potagères,mars - juin,3,,
Courge Jack O'Lanterne,L1701S,Potagères,mars - juin,3,,
Courge Lady Godiva à graines nues,L1702S,Potagères,mars - juin,3,,
Courge Patidou Sweet Dumpling,L1703S,Potagères,mars - juin,3,,
Pâtisson Blanc,L1704S,Potagères,mars - juin,3,,
Pâtisson Orange,L1705S,Potagères,mars - juin,3,,
Courge Pomme d'Or,L1706S,Potagères,mars - juin,3,,
Courge Spaghetti,L1707S,Potagères,mars - juin,3,,
Courge Melonnette Jaspée de Vendée,L1708S,Potagères,mars - juin,3,,
Pâtisson Panaché,L1709S,Potagères,mars - juin,3,,
Courge Royal Acorn,L1710S,Potagères,mars - juin,3,,
Courge Table Gold,L1711S,Potagères,,3,,
Pâtisson vert pâle de Bennings,L1712S,Potagères,mars - juin,3,,
Courge Baby Boo,L1713S,Potagères,mars - juillet,3,,
Courge Delicata (Sweet Poteto),L1714S,Potagères,mars - juin,3,,
Courge pâtisson verruqueux panache,L1715S,Potagères,avril-juin,3,,
Potiron Bleu de Hongrie,L1800S,Potagères,mars - juin,3,,
Potiron Blue Ballet,L1801S,Potagères,mars - juin,3,,
Potiron Buttercup,L1802S,Potagères,mars - juin,3,,
Potiron Galleux d'Eysines,L1803S,Potagères,mars - juin,3,,
Potiron Giraumon Turban Turc,L1804S,Potagères,mars - juin,3,,
Potiron Hubbard bleu,L1805S,Potagères,mars - juin,3,,
Potimarron Green Hokkaïdo,L1807S,Potagères,mars - juin,3,,
Potimarron Red Kuri,L1808S,Potagères,mars - juin,3,,
Potiron Quintal jaune,L1809S,Potagères,mars - juin,3,,
Potiron Rouge vif d'Etampes,L1810S,Potagères,mars - juin,3,,
Potiron Vert Olive,L1813S,Potagères,mars - juin,3,,
Potiron Marina di Chiogga,L1814S,Potagères,mars - juin,3,,
Potiron Zapallito del Tronco,L1815S,Potagères,mars - juin,3,,
Potiron Golden Hubbard,L1816S,Potagères,mars - juin,3,,
Potiron Giant Atlantic,L1817S,Potagères,mars - juin,3,,
Potiron Pink Jumbo Banana,L1818S,Potagères,mars - juin,3,,
Potiron Tristar  Triamble,L1819S,Potagères,mars - juin,3,,
Courge musquée Butternut,L1900S,Potagères,mars - juin,3,,
Courge musquée d'Hiver de Provence,L1901S,Potagères,mars - juin,3,,
Courge musquée Sucrine du Berry,L1902S,Potagères,mars - juin,3,,
Courge musquée Futsu Black,L1903S,Potagères,mars - juin,3,,
Courge musquée Longue de Nice,L1904S,Potagères,mars - juin,3,,
Courge musquée à Trompe d'Albenga,L1906S,Potagères,mars - juin,3,,
Courge musquée Honeynut,L1907S,Potagères,mars - juin,3,,
courge musquée Violina,L1908S,Potagères,mars - juin,3,,
courge musquée Carat,L1909S,Potagères,mars - juin,3,,
Courge de Siam,L1960S,Potagères,mars - juin,3,,
Courges en mélange,L1990S,Potagères,mars - juin,3,,
Courgette Black Beauty,L2000S,Potagères,mars - juillet,3,,
Courgette Blanche de Virginie,L2001S,Potagères,mars - juillet,3,,
Courgette Ronde de Nice,L2002S,Potagères,mars - juillet,3,,
Courgette Verte d'Italie,L2003S,Potagères,mars - juillet,3,,
Courgette Petite Grise d'Alger,L2005S,Potagères,mars - juillet,3,,
Courgette jaune,L2006S,Potagères,mars - juillet,3,,
Courgette Mutabile,L2007S,Potagères,mars - juillet,3,,
Courgettes en mélange,L2008S,Potagères,mars - juillet,3,,
Courgette blanche d'Egypte,L2009S,Potagères,mars - juillet,3,,
Gourde Amphore,L2010S,Potagères,mars - juin,3,,
Coloquinte Griffe du Diable,L2011S,Potagères,,3,,
Coloquinte Indian Mix,L2012S,Potagères,mars - juillet,3,,
Courge Marenka,L2013S,Potagères,,3,,
Coloquintes en mélange,L2015S,Potagères,mars - juillet,3,,
Gourde ou Courge Pèlerine en mélange,L2016S,Potagères,mars - juin,3,,
Courgette Cocozelle de Tripolis,L2020S,Potagères,mars - juillet,3,,
Courgette Caserta,L2021S,Potagères,mars - juin,3,,
Courgette costata Romanesco,L2022S,Potagères,avril-juin,3,,
Courge Serpent "Zucchetta serpente di Sicilia",L2025S,Potagères,mars - juin,3,,
Courge Eponge Luffa,L2026S,Potagères,mars - juin,3,,
Cresson de Jardin,L2040S,Potagères,juillet - septembre,3,,
Epinard Butterflay,L2100S,Potagères,mars - avril et juillet - septembre,3,,
Epinard Géant d'Hiver,L2101S,Potagères,août - octobre,3,,
Epinard Hâtif à grandes feuilles,L2103S,Potagères,mars - avril et août - septembre,3,,
Epinard Matador,L2105S,Potagères,mars - avril et août - septembre,3,,
Epinard Fraise,L2150S,Potagères,avril-juin,3,,
Epinard Perpetuel,L2151S,Potagères,mai - août,3,,
Fenouil Doux précoce d'été,L2200S,Potagères,mars - juillet,3,,
Fenouil Doux Zefa Fino,L2203S,Potagères,mars - juillet,3,,
Fenouil doux Zefa Tardo,L2204S,Potagères,mars - juillet,3,,
Fenouil doux Perfection,L2205S,Potagères,mars - juillet,3,,
Fenouil doux Selma,L2206S,Potagères,mars - juillet,3,,
Fève Hangdown,L2301S,Potagères,février - avril,,,
Fève Express 'Eleonora',L2304S,Potagères,février - avril,4.5,,
Fève Longue de Belgique,L2305S,Potagères,février - avril,4.5,,
Fève Red Epicure,L2306S,Potagères,février - avril,,,
Fève Ratio,L2307S,Potagères,février - avril,4.5,,
Ficoïde glaciale,L2350S,Potagères,avril-juin,3,,
Fraisier des 4 Saisons "Reine des Vallées",L2400S,Potagères,avril-juillet,3,,
Haricot nain mangetout Calvy,L2500S,Potagères,mai-juillet,4.5,,
Haricot  Codair,L2501S,Potagères,mai-juillet,,,
Haricot La Victoire,L2502S,Potagères,mai-juillet,4.5,,
Haricot nain mangetout Fin de Bagnol,L2503S,Potagères,mai - juillet,4.5,,
Haricot nain mangetout Morgane,L2504S,Potagères,mai-juillet,4.5,,
Haricot nain mangetout Rocbrun,L2506S,Potagères,mai-juillet,4.5,,
Haricot nain à écosser Langue de Feu,L2507S,Potagères,mai - juin,4.5,,
Haricot nain à écosser Flageolet rouge,L2509S,Potagères,mai - juin,4.5,,
Haricot nain mangetout Contender,L2510S,Potagères,,,,
Haricot nain mangetout Reine des  Pourpres,L2511S,Potagères,mai-juillet,4.5,,
Haricot nain à écosser Flageolet Chevrier vert,L2515S,Potagères,mai - juin,4.5,,
Haricot St Esprit à oeil rouge,L2516S,Potagères,,,,
Haricot Roi des Belges,L2519S,Potagères,mai-juillet,4.5,,
Haricot Saxa,L2521S,Potagères,mai-juillet,4.5,,
Haricot  Helios,L2522S,Potagères,mai-juillet,4.5,,
Haricot  Marona,L2523S,Potagères,mai-juillet,4.5,,
Haricot  Maxi,L2524S,Potagères,mai-juillet,4.5,,
Haricot  Cupidon,L2525S,Potagères,mai-juillet,4.5,,
Haricot Borlotto,L2526S,Potagères,mai - juin,4.5,,
Haricot Purple Teepee,L2528S,Potagères,mai-juillet,4.5,,
Haricot Major,L2529S,Potagères,,,,
Haricot Argus,L2530S,Potagères,mai-juillet,4.5,,
Haricot nain à écosser Yin Yang,L2531S,Potagères,,,,
Haricot nain à écosser Canadian Wonder,L2533S,Potagères,mai - juin,,,
Haricot nain à écosser Flageolet Blanc des Flandres,L2534S,Potagères,mai - juin,4.5,,
Haricot nain mangetout beurre Creso,L2535S,Potagères,mai - juillet,4.5,,
Haricot nain mangetout beurre Dior,L2536S,Potagères,mai-juillet,,,
Haricot à cosses violettes,L2600S,Potagères,mai - juin,4.5,,
Haricot Coco Bicolore prolifique,L2601S,Potagères,mai - juin,,,
Haricot Weinländerin,L2603S,Potagères,mai - juin,4.5,,
Haricot Sabre,L2605S,Potagères,mai - juin,4.5,,
Haricot Hâtif Neckarkönigin,L2609S,Potagères,mai - juin,4.5,,
Haricot Maïs type Tarbais,L2610S,Potagères,mai - juin,,,
Haricot Neckargold,L2611S,Potagères,mai - juin,4.5,,
Haricot Coco rose de la Meuse,L2615S,Potagères,mai - juin,,,
Haricot Orteil de Précheur,L2616S,Potagères,mai - juin,4.5,,
Haricot  Trebona,L2618S,Potagères,mai - juin,4.5,,
Haricot Couvent Vogel,L2619S,Potagères,mai - juin,,,
Haricot de Malines,L2620S,Potagères,mai - juin,4.5,,
Haricot à rames mangetout Princesse du Pévèle,L2621S,Potagères,mai - juin,4.5,,
Haricot à rames mangetout Fortex,L2622S,Potagères,,,,
Haricot à rames mangetout beurre "Sunshine",L2623S,Potagères,juin - juillet,4.5,,
haricot à rames mangetout beurre "Golden Gate" type Sabre,L2624S,Potagères,mai - juin,4.5,,
Laitue à couper Feuille de chêne blonde,L2700S,Potagères,février - septembre,3,,
Laitue à couper Frisée d'Amérique,L2702S,Potagères,février - septembre,3,,
Laitue à couper Lollo Rossa,L2704S,Potagères,février - septembre,3,,
Laitue à couper Radichetta,L2705S,Potagères,février - septembre,3,,
Laitue à couper Feuille de chêne Biscia rossa,L2706S,Potagères,février - septembre,3,,
Laitue à couper Lattughino,L2707S,Potagères,février - septembre,3,,
Laitue à couper Oreille du Diable,L2708S,Potagères,février - septembre,3,,
Laitue à couper Feuilles de chêne rouge "Red Salad Bowl",L2709S,Potagères,février - septembre,3,,
Laitue à couper Till,L2710S,Potagères,février - septembre,3,,
Laitue à couper Vénitienne,L2711S,Potagères,février - septembre,3,,
Laitue à couper Cocarde,L2712S,Potagères,février - septembre,3,,
Laitue à couper Verte d'hiver,L2713S,Potagères,août - octobre,3,,
Laitue à couper Catalogna,L2714S,Potagères,février - septembre,3,,
Laitue à couper Hussarde,L2715S,Potagères,février - septembre,3,,
Laitues à couper en mélange,L2800S,Potagères,février - septembre,3,,
Laitue batavia Dorée de Printemps,L2900S,Potagères,avril-juin,3,,
Laitue Batavia Blonde de Paris,L2901S,Potagères,avril-juin,3,,
Laitue batavia Pasquier,L2902S,Potagères,avril-juin,3,,
Laitue batavia Reine des glaces,L2903S,Potagères,avril-juin,3,,
Laitue batavia Rouge Grenobloise,L2904S,Potagères,avril-juin,3,,
Laitue Batavia Gloire du Dauphiné,L2906S,Potagères,avril-juin,3,,
Laitue Batavia Iceberg "Saladin",L2908S,Potagères,avril-juin,3,,
Laitue Batavia Chou de Naples,L2909S,Potagères,avril-juin,3,,
Laitue Batavia Beaujolaise,L2910S,Potagères,avril-juin,3,,
Laitue Batavia Merveille de Verano,L2911S,Potagères,avril-juin,3,,
Laitue Batavia d'hiver St Antoine,L2912S,Potagères,août - septembre,3,,
Laitue Romaine Angèle,L2913S,Potagères,avril-juin,3,,
Laitue Batavia Pierre Bénite,L2914S,Potagères,avril-juin,3,,
Laitue Batavia Carmen,L2915S,Potagères,avril-juin,3,,
Laitue pommée quatre saisons Bon jardinier,L3000S,Potagères,mars - juillet,3,,
Laitue pommée d'été Grosse blonde paresseuse,L3001S,Potagères,avril-juin,3,,
Laitue pommée Merveille des 4 Saisons,L3002S,Potagères,mars - juillet,3,,
Laitue pommée de printemps Reine de mai,L3003S,Potagères,février - avril,3,,
Laitue pommée d'été Sucrine,L3004S,Potagères,avril-juin,3,,
Laitue pommée d'hiver Merveille d'hiver,L3006S,Potagères,août - septembre,3,,
Laitue pommée d'hiver Passion brune,L3007S,Potagères,août - septembre,3,,
Laitue pommée d'été Reine de juillet,L3009S,Potagères,avril-juin,3,,
Laitue pommée  Blonde de Laeken (améliorée de Semailles),L3010S,Potagères,avril-juin,3,,
Laitue pommée d'été Craquerelle du midi,L3011S,Potagères,avril-juin,3,,
Laitue pommée d'été Kagraner,L3012S,Potagères,avril-juin,3,,
Laitue pommée d'hiver Baquieu,L3013S,Potagères,août - septembre,3,,
Laitue pommée d'hiver de Trémont,L3014S,Potagères,août - septembre,3,,
Laitue pommée d'hiver de Verrières,L3015S,Potagères,août - septembre,3,,
Laitue pommée quatre saisons Appia,L3016S,Potagères,mars - juillet,3,,
Laitue pommée de printemps Express,L3017S,Potagères,février - avril,3,,
Laitue pommée de printemps Gotte d'or,L3018S,Potagères,février - avril,3,,
Laitue pommée de printemps la Première,L3019S,Potagères,février - avril,3,,
Laitue pommée d'été Gloire de Nantes,L3020S,Potagères,avril-juin,3,,
Laitue pommée d'hiver Grand-Mère à feuilles rouges,L3021S,Potagères,août - septembre,3,,
Laitue pommée  d'hiver Rougette de Montpellier,L3022S,Potagères,août - septembre,3,,
Laitue Pommée d'hiver Herkule,L3023S,Potagères,août - septembre,3,,
Laitue pommée Lorthois,L3024S,Potagères,mars - juin,3,,
Laitue pommée Lilloise,L3025S,Potagères,février-mai et juillet-août,3,,
Laitue Reine de Mai de Liège,L3026S,Potagères,février - avril,3,,
Laitue hâtive d'Heverllée,L3027S,Potagères,février - avril,3,,
Laitue d'hiver Valdor,L3028S,Potagères,août - septembre,3,,
Laitue Romaine Ballon,L3100S,Potagères,avril-juin,3,,
 Laitue Asperge (Laitue romaine Celtuce),L3102S,Potagères,avril-juin,3,,
Laitue romaine Chicon des Charentes,L3103S,Potagères,avril-juin,3,,
Laitue Romaine de Soisson,L3104S,Potagères,,3,,
Laitue romaine Rouge d'hiver,L3105S,Potagères,Août - Septembre,3,,
Laitue Romaine Queue de Truite (Chicon Panaché),L3107S,Potagères,avril-juin,3,,
Laitue Romaine Verte Maraîchère,L3108S,Potagères,avril-juin,3,,
Laitue Romaine Grasse de Morges,L3109S,Potagères,avril-juin,3,,
Laitue romaine Little Leprechaun,L3110S,Potagères,mars - août,3,,
Maceron,L3150S,Potagères,,3,,
Mâche à Grosse graine,L3200S,Potagères,juillet - septembre,3,,
Mâche Coquille de Louviers,L3201S,Potagères,juillet - septembre,3,,
Mâche Verte de Cambrai,L3202S,Potagères,juillet - septembre,3,,
Mâche Vit,L3204S,Potagères,juillet - septembre,3,,
Mâche à grandes feuilles de Hollande,L3206S,Potagères,juillet - septembre,3,,
Mâche de Comines,L3207S,Potagères,juillet - septembre,3,,
Mâche Verte à coeur plein,L3208S,Potagères,juillet - septembre,3,,
Mâche Bigarrée de Huy,L3210S,Potagères,juillet - septembre,3,,
Maïs doux Golden Bantam,L3300S,Potagères,mai - juin,3,,
Maïs à grains multicolores des Indiens,L3301S,Potagères,,3,,
Maïs à grains Pop Corn 'Cinema',L3302S,Potagères,mai - juin,3,,
Maïs Fraise,L3304S,Potagères,mai - juin,3,,
Maïs doux Mezdi,L3306S,Potagères,mai - juin,3,,
Maïs doux Martian Purple,L3309S,Potagères,mai - juin,3,,
Maïs à grains Astarac,L3310S,Potagères,,3,,
Maïs doux multicolore Inca Rainbow,L3311S,Potagères,mai - juin,3,,
Melon de Bellegarde,L3400S,Potagères,,3,,
Melon Petit gris de Rennes,L3401S,Potagères,mars - juin,3,,
Melon Noir des Carmes,L3405S,Potagères,mars - juin,3,,
Melon Vieille France,L3406S,Potagères,mars - juin,3,,
Melon de St Memmie,L3407S,Potagères,mars - juin,3,,
Melon Brodé Jenny Lind,L3408S,Potagères,mars - juin,3,,
Melon Belge de Patjottenland,L3409S,Potagères,mars - juin,3,,
Moutarde de Chine rouge Red Giant,L3450S,Potagères,mars - avril et juillet - septembre,3,,
Mizuna,L3451S,Potagères,mars - avril et juillet - septembre,3,,
Salade asiatique Namenia,L3452S,Potagères,mars - avril et juillet - septembre,3,,
Moutarde de Chine Metis rouge,L3453S,Potagères,mars - avril et juillet - septembre,3,,
Moutarde de Chine Golden Frills,L3454S,Potagères,mars - avril et juillet - septembre,3,,
Moutarde de Chine Green in snow,L3455S,Potagères,mars - avril et juillet - septembre,3,,
Mesclun de salades asiatiques,L3460S,Potagères,mars - avril et juillet - septembre,3,,
Navet de Croissy,L3501S,Potagères,mars - mai ou août,3,,
Navet de Milan à forcer à colet rose,L3502S,Potagères,mars - mai ou août,3,,
Navet des Vertus marteau,L3503S,Potagères,juin - juillet,3,,
Navet Boule d'or,L3504S,Potagères,juin - juillet,3,,
Navet de Nancy,L3505S,Potagères,juin - juillet,3,,
Navet Noir long d'hiver,L3506S,Potagères,juin - juillet,3,,
Navet Boulette de Champagne,L3507S,Potagères,juin - août,3,,
Navet-feuille cima de rapa,L3508S,Potagères,mars - mai ou août,3,,
Navet Petrowski,L3509S,Potagères,mars - mai ou août,3,,
Navet de Péronne,L3510S,Potagères,juin - juillet,3,,
Navet hâtif "Flat White May",L3511S,Potagères,"mars, avril et août",3,,
Navet blanc globe à collet violet,L3512S,Potagères,mars - août,3,,
Oignon de Stuttgart,L3600S,Potagères,mars - avril,3,,
Oignon Jaune paille des Vertus,L3601S,Potagères,mars - avril,3,,
Oignon Noordhollandse Bloedrode,L3607S,Potagères,,3,,
Oignon Rijnsbuger 4,L3608S,Potagères,mars - avril,3,,
Oignon Red Baron,L3609S,Potagères,mars - avril,3,,
Oignon Cuisse de Poulet du Poitou,L3610S,Potagères,mars - avril,3,,
Oignon Robelja,L3613S,Potagères,mars - avril,3,,
Oignon  Ishikura Long White,L3616S,Potagères,mars - juin ou  août-septembre,3,,
Oignon Rouge de Huy,L3617S,Potagères,mars - avril,3,,
Oignon doux de Florence race de Simiane,L3618S,Potagères,mars - avril,3,,
Oignon Blanc de Lisbonne,L3619S,Potagères,février - juillet,3,,
Oignon Blanc de Vaugirard,L3620S,Potagères,mars - avril,3,,
Oignon Blanc Premier,L3621S,Potagères,février - juillet,3,,
Oignon rouge d'Abbeville,L3622S,Potagères,,3,,
Pak Choi Taisai,L3650S,Potagères,juin - août,3,,
Pak choi Tatsoi,L3651S,Potagères,juin - août,3,,
Panais de Guernesey,L3700S,Potagères,mars - juin,3,,
Panais Long Turga,L3701S,Potagères,mars - juin,3,,
Panais Tender and True,L3702S,Potagères,mars - juin,3,,
Panais rond hâtif,L3703S,Potagères,mars - juin,3,,
Pastèque Lune Etoile,L3800S,Potagères,mars - juin,3,,
Pastèque Sugar Baby,L3801S,Potagères,mars - juin,3,,
Pastèque à confire,L3802S,Potagères,,3,,
Pastèque de Banat,L3803S,Potagères,mars - juin,3,,
Physalis Cerise de terre,L3900S,Potagères,février - mars,3,,
Physalis Alkekenge jaune,L3901S,Potagères,février - mars,3,,
Physalis Tomatillo,L3902S,Potagères,février - avril,3,,
Plantain Corne de Cerf,L3950S,Potagères,mars - avril et août - septembre,3,,
Poireau de Liège,L4000S,Potagères,février - avril,3,,
Poireau gros long d'été,L4001S,Potagères,février - mars,3,,
Poireau  St Victor,L4002S,Potagères,février - avril,3,,
Poireau Jaune du Poitou,L4003S,Potagères,février - mars,3,,
Poireau Monstrueux de Carentan,L4004S,Potagères,février - avril,3,,
Poireau Bleu de Solaise,L4005S,Potagères,février - avril,3,,
Poireau  Gros vert de Huy,L4006S,Potagères,février - avril,3,,
Poireau Elbeuf Elephant,L4007S,Potagères,février - mars,3,,
Poireau  Armor,L4008S,Potagères,février - avril,3,,
Poireau  Blaugrüner winter,L4009S,Potagères,février - avril,3,,
Poireau Siegfried,L4010S,Potagères,février - mars,3,,
Poireau d'hiver de Cambrai,L4011S,Potagères,février - avril,3,,
Poireau Leblond,L4012S,Potagères,février - avril,3,,
Poireau des Vennes,L4013S,Potagères,,3,,
Pois nain mangetout Norli,L4100S,Potagères,février - avril,4.5,,
Pois nain à écosser Douce Provence,L4101S,Potagères,février - avril,,,
Pois nain à écosser Merveille de Kelvedon,L4102S,Potagères,février - avril,4.5,,
Pois nain à écosser d'hiver Sima,L4103S,Potagères,octobre,4.5,,
Pois asperge,L4108S,Potagères,mai - juin,,,
Pois à rames mangetout à Cosses jaunes,L4111S,Potagères,février - avril,4.5,,
Pois nain mangetout de Grace,L4112S,Potagères,février - avril,,,
Pois à rames à Cosse violette Blauwschokkers,L4113S,Potagères,février - avril,4.5,,
Pois à rames mangetout Heraut,L4114S,Potagères,février - avril,,,
Pois à rames à écosser Serpette de Malines,L4115S,Potagères,février - avril,4.5,,
Pois  à rames à écosser Senator,L4116S,Potagères,mars - mai,4.5,,
Pois  à rames à écosser Téléphone,L4118S,Potagères,mars - mai,4.5,,
Pois nain très hâtif de Louvain  ,L4121S,Potagères,,,,
Pois à rames à écosser "Hâtif de mai",L4122S,Potagères,février - avril,4.5,,
Poivron  Rosso,L4200S,Potagères,février - mars,3,,
Poivron Oro,L4201S,Potagères,février - mars,3,,
Poivron Yolo Wonder,L4202S,Potagères,février - mars,3,,
Poivron Long des Landes,L4204S,Potagères,février - mars,3,,
Poivron Sweet Cherry,L4205S,Potagères,février - mars,3,,
Poivron Mandarine,L4206S,Potagères,février - mars,3,,
Poivron Corno di Toro Jaune,L4207S,Potagères,février - mars,3,,
Piment de Cayenne,L4210S,Potagères,février - mars,3,,
Piment d'Espelette,L4211S,Potagères,février - mars,3,,
Piment de la Bresse,L4212S,Potagères,février - mars,3,,
Piment Purple,L4214S,Potagères,février - mars,3,,
Piment Tomate,L4215S,Potagères,février - mars,3,,
Poivron Corno di toro rouge,L4216S,Potagères,février - mars,3,,
Poivron Pantos,L4217S,Potagères,février - mars,3,,
Poivron Chocolat,L4218S,Potagères,février - mars,3,,
Piment Bishop crown,L4221S,Potagères,février - mars,3,,
Poivron doux d'Espagne,L4222S,Potagères,février - mars,3,,
Piment de Cayenne Jaune,L4223S,Potagères,février - mars,3,,
Poivron Tequila Sunrise,L4224S,Potagères,février - mars,3,,
Poivron California wonder orange,L4225S,Potagères,février - mars,3,,
Poivron Quadrato d'Asti Giallo,L4226S,Potagères,février - mars,3,,
Poivron doux Lazy lou,L4227S,Potagères,février - mars,3,,
Piment Numex Twilight,L4228S,Potagères,février - mars,3,,
Piment Biquinho Jaune,L4229S,Potagères,février - mars,3,,
Piment Fish Pepper,L4230S,Potagères,février - mars,3,,
Piment Lombardo,L4231S,Potagères,février - mars,3,,
Poivron Mini Bell Chocolat,L4232S,Potagères,février - mars,3,,
Poivron Mini Bell rouge,L4233S,Potagères,février - mars,3,,
Poivron Mini Bell Jaune,L4234S,Potagères,février - mars,3,,
Poivron Mini Bell Mix,L4235S,Potagères,février - mars,3,,
Poivron Doe Hill,L4236S,Potagères,février - mars,3,,
Piment Penis,L4237S,Potagères,février - mars,3,,
Piment Biquinho Rouge,L4238S,Potagères,février - mars,3,,
Poivron orange Ariane,L4239S,Potagères,février - mars,3,,
Pourpier d'été doré,L4300S,Potagères,mai - août,3,,
Pourpier d'été vert,L4301S,Potagères,mai - août,3,,
Quinoa Temuco,L4350S,Potagères,mars - avril,3,,
Radis Rose de Cézanne,L4403S,Potagères,,3,,
Radis Rond écarlate Sora,L4404S,Potagères,mars - septembre,3,,
Radis Cherry Belle,L4405S,Potagères,mars - septembre,3,,
Radis Chandelle de Glace,L4406S,Potagères,mars - septembre,3,,
Radis Flamboyant 3,L4407S,Potagères,mars - septembre,3,,
Radis French Breakfast 2,L4408S,Potagères,mars - septembre,3,,
Radis Serpent,L4409S,Potagères,mars - septembre,3,,
Radis Noir long,L4410S,Potagères,avril-août,3,,
Radis  Noir rond,L4411S,Potagères,avril-août,3,,
Radis Violet de Gournay,L4412S,Potagères,avril-août,3,,
Radis rose de Chine,L4413S,Potagères,avril-août,3,,
Radis Chandelle de Feu,L4415S,Potagères,mars - septembre,3,,
Radis Marché de Zurich,L4416S,Potagères,avril-août,3,,
Radis Daikon "Minowase Summer Cross",L4417S,Potagères,avril-août,3,,
Radis National 3,L4419S,Potagères,mars - septembre,3,,
Radis en mélange,L4420S,Potagères,mars - septembre,3,,
Radis jaune Helios,L4421S,Potagères,mars - septembre,3,,
Rhubarbe Rouge,L4450S,Potagères,mars - avril,3,,
Salsifis Blanc amélioré,L4500S,Potagères,mars - mai,3,,
Scorsonère Noir géant de Russie,L4600S,Potagères,mars - mai,3,,
Soja à grains jaunes,L4605S,Potagères,mai - juin,3,,
Tétragone Cornue,L4700S,Potagères,avril-juin,3,,
Tomate Potager de Vilvorde,L4800S,Potagères,février - avril,3,,
Tomate de Bérao,L4801S,Potagères,février - avril,3,,
Tomate des Andes,L4802S,Potagères,février - avril,3,,
Tomate Géante d'Orembourg,L4803S,Potagères,février - avril,3,,
Tomate Merveille des marchés,L4804S,Potagères,février - avril,3,,
Tomate Monda,L4805S,Potagères,février - avril,3,,
Tomate Moneymaker,L4806S,Potagères,février - avril,3,,
Tomate Roma,L4807S,Potagères,février - avril,3,,
Tomate Saint Pierre,L4808S,Potagères,février - avril,3,,
Tomate Burbank,L4809S,Potagères,février - avril,3,,
Tomate Coeur de boeuf,L4810S,Potagères,février - avril,3,,
Tomate Ananas Noire,L4811S,Potagères,février - avril,3,,
Tomate Noire Russe Charboneuse,L4812S,Potagères,février - avril,3,,
Tomate San Marzano,L4813S,Potagères,février - avril,3,,
Tomate Marmande,L4814S,Potagères,février - avril,3,,
Tomate cerise tempête de Sable,L4815S,Potagères,février - avril,3,,
Tomate Coeur de Boeuf Rose,L4816S,Potagères,février - avril,3,,
Tomate Sasha Altaï,L4817S,Potagères,février - avril,3,,
Tomate German Gold,L4818S,Potagères,février - avril,3,,
Tomate Prince Borghese,L4819S,Potagères,février - avril,3,,
Tomate Black Cherry,L4820S,Potagères,février - avril,3,,
Tomate Noire de Crimée,L4821S,Potagères,février - avril,3,,
Tomate Yellow Belgian,L4822S,Potagères,février - avril,3,,
Tomate Rose de Berne,L4823S,Potagères,février - avril,3,,
Tomate Olirose de St Domingue,L4824S,Potagères,février - avril,3,,
Tomate Black Prince,L4825S,Potagères,février - avril,3,,
Tomate Pamplemousse du Grand-Père,L4826S,Potagères,février - avril,3,,
Tomate Blanche de Picardie,L4827S,Potagères,février - avril,3,,
Tomate Joyau d'Idaho,L4828S,Potagères,février - avril,3,,
Tomate Green Zebra,L4829S,Potagères,février - avril,3,,
Tomate cerise Calabash rouge,L4830S,Potagères,février - avril,3,,
Tomate cerise Jaune poire,L4831S,Potagères,février - avril,3,,
Tomate rouge Gloire de Malines,L4832S,Potagères,février - avril,3,,
Tomate cerise rouge poire,L4833S,Potagères,février - avril,3,,
Tomate Cerise en mélange,L4834S,Potagères,février - avril,3,,
Tomate Ida Gold,L4835S,Potagères,février - avril,3,,
Tomate cerise Vilma Cherry,L4836S,Potagères,février - avril,3,,
Tomate rouge Gloire de Versailles,L4837S,Potagères,février - avril,3,,
Tomate cerise jaune ronde,L4838S,Potagères,février - avril,3,,
Tomate cerise Miel du Mexique,L4839S,Potagères,février - avril,3,,
Tomate Evergreen,L4840S,Potagères,février - avril,3,,
Tomate Jaune St Vincent,L4841S,Potagères,février - avril,3,,
Tomate Belle de Lorraine,L4842S,Potagères,février - avril,3,,
Tomate Poivron Jaune,L4843S,Potagères,février - avril,3,,
Tomate Purple Calabash,L4844S,Potagères,février - avril,3,,
Tomate Coeur de Boeuf Orange,L4845S,Potagères,février - avril,3,,
Tomate Gardener's delight,L4846S,Potagères,février - avril,3,,
Tomate Voyage,L4847S,Potagères,février - avril,3,,
Tomate Grosse des Marais,L4848S,Potagères,février - avril,3,,
Tomate Zuckertraube,L4849S,Potagères,février - avril,3,,
Tomate Gregory Altaï,L4850S,Potagères,février - avril,3,,
Tomate Lime Green,L4851S,Potagères,février - avril,3,,
Tomate Tigerella,L4852S,Potagères,février - avril,3,,
Tomate Ananas,L4853S,Potagères,février - avril,3,,
Tomate pêche blanche,L4854S,Potagères,,3,,
Tomate cerise Balconi jaune,L4855S,Potagères,février - avril,3,,
Tomate Beefsteak,L4856S,Potagères,,3,,
Tomate Jaune Cocktail clementine,L4857S,Potagères,février - avril,3,,
Tomate Raisin Vert,L4858S,Potagères,février - avril,3,,
Tomate Rose de Podlaki,L4859S,Potagères,février - avril,3,,
Tomate rouge Joffre,L4860S,Potagères,février - avril,3,,
Tomate Prune noire,L4861S,Potagères,février - avril,3,,
Tomate Téton de Vénus,L4862S,Potagères,février - avril,3,,
Tomate Suzy,L4863S,Potagères,février - avril,3,,
Tomate Robin rouge,L4864S,Potagères,février - avril,3,,
Tomate cerise Myriam,L4865S,Potagères,février - avril,3,,
Tomate groseille petit moineau,L4866S,Potagères,février - avril,3,,
Tomate Brandywine,L4867S,Potagères,février - avril,3,,
Tomate Valencia Orange,L4868S,Potagères,février - avril,3,,
Tomate Karos,L4869S,Potagères,février - avril,3,,
Tomate Manitoba,L4870S,Potagères,février - avril,3,,
Tomate Black Zebra,L4872S,Potagères,février - avril,3,,
Tomate Purple Bumble Bee,L4873S,Potagères,février - avril,3,,
Tomate Matina,L4874S,Potagères,février - avril,3,,
Tomate Olivette rose,L4875S,Potagères,février - avril,3,,
Tomate cerise Rose Quartz Multiflora,L4876S,Potagères,février - avril,3,,
Tomate Triomphe de Liège,L4877S,Potagères,février - avril,3,,
Tomate Merveille des Serres,L4878S,Potagères,février - avril,3,,
Tomate Belgian Farmer's,L4879S,Potagères,février - avril,3,,
Tomate Stupice,L4880S,Potagères,février - avril,3,,
Tomate Coeur de Boeuf Blanche,L4881S,Potagères,février - avril,3,,
Tomate Coeur de Boeuf Russian 117,L4882S,Potagères,février - avril,3,,
Tomate verte de Huy,L4884S,Potagères,février - avril,3,,
Tomate rouge de Namur,L4885S,Potagères,février - avril,3,,
Tomate Charnue de Huy,L4886S,Potagères,février - avril,3,,
Tomate Prolifique de Falisolle,L4887S,Potagères,février - avril,3,,
Tomate Etoile Blanche d'Anvers,L4888S,Potagères,février - avril,3,,
Tomate Blush,L4889S,Potagères,février - avril,3,,
Tomate Japonaise basse,L4890S,Potagères,février - avril,3,,
Tomate rouge Glacier,L4891S,Potagères,février - avril,3,,
Tomate de couleur Canabec rose,L4892S,Potagères,février - avril,3,,
Tomate Teton de Wepion,L4893S,Potagères,février - avril,3,,
Tomate cerise Yellow Submarine,L4894S,Potagères,février - avril,3,,
Tomate Reine des hatives,L4895S,Potagères,février - avril,3,,
Tomate Cherokee chocolate,L4896S,Potagères,février - avril,3,,
Tomate rouge Corma (lignée 1 de gembloux),L4897S,Potagères,février - avril,3,,
Tomate St Jean D'Angely,L4898S,Potagères,février - avril,3,,
Tomate Chemin rouge,L4899S,Potagères,février - avril,3,,
Tomate Big White Pink Stripes,L4900S,Potagères,février - avril,3,,
Tomate Great White Blue,L4901S,Potagères,février - avril,3,,
Tomate Harvard Square,L4902S,Potagères,février - avril,3,,
Tomate Orangette,L4903S,Potagères,février - avril,3,,
Tomate Bronze de Belgique,L4904S,Potagères,février - avril,3,,
Tomates en mélange pour extérieur,L4921S,Potagères,février - avril,3,,